"","Animal.ID","Location","Fine","Broad","Ocean_Basin","mito.Broad","NAtl_vs_Other","Latitude","Longitude","CR.hap","mito.hap","analysis_set"
"1","Pcra004","SEFSC-biopsy","Atl-weird","N_Atlantic","North Atlantic","Atl-North","Atl-North",NA,NA,24,NA,"CR"
"2","Pcra006","SEFSC-bycatch","Atl-weird","N_Atlantic","North Atlantic","Atl-North","Atl-North",NA,NA,51,NA,"CR"
"3","Pcra011","SEFSC-biopsy","Atl-normal","N_Atlantic","North Atlantic","Atl-North","Atl-North",NA,NA,50,NA,"CR"
"4","Pcra014","SEFSC-Massstranding","Atl-weird","N_Atlantic","North Atlantic","Atl-North","Atl-North",NA,NA,23,NA,"CR"
"5","Pcra020","SEFSC-Massstranding","Atl-weird","N_Atlantic","North Atlantic","Atl-North","Atl-North",NA,NA,23,NA,"CR"
"6","Pcra021","SEFSC-Massstranding","Atl-weird","N_Atlantic","North Atlantic","Atl-North","Atl-North",NA,NA,23,NA,"CR"
"7","z0007449","Florida","Florida-weird","N_Atlantic","North Atlantic","Atl-North","Atl-North",25.766666,-80.183333,24,NA,"CR"
"8","z0007605","Crossing to HI","CNP-NW","NPac_Central","North Pacific","CNP","Other",25.566666,223.966667,16,NA,"CR"
"9","z0011647","Mex","ETP","NPac_Eastern","North Pacific","Epac","Other",16.45,259.716667,9,NA,"CR"
"10","z0011651","Mex","ETP","NPac_Eastern","North Pacific","Epac","Other",16.45,259.716667,9,NA,"CR"
"11","z0016136","Pan","ETP","NPac_Eastern","North Pacific","Epac","Other",7.583333,281.666667,10,NA,"CR"
"12","z0016138","Pan","ETP","NPac_Eastern","North Pacific","Epac","Other",7.583333,281.666667,10,NA,"CR"
"13","z0016139","Pan","ETP","NPac_Eastern","North Pacific","Epac","Other",7.583333,281.666667,10,NA,"CR"
"14","z0016140","Pan","ETP","NPac_Eastern","North Pacific","Epac","Other",7.583333,281.666667,10,NA,"CR"
"15","z0016141","Pan","ETP","NPac_Eastern","North Pacific","Epac","Other",7.583333,281.666667,10,NA,"CR"
"16","z0016142","Pan","ETP","NPac_Eastern","North Pacific","Epac","Other",7.583333,281.666667,10,NA,"CR"
"17","z0016144","Pan","ETP","NPac_Eastern","North Pacific","Epac","Other",7.583333,281.666667,10,NA,"CR"
"18","z0016145","Pan","ETP","NPac_Eastern","North Pacific","Epac","Other",7.583333,281.666667,10,NA,"CR"
"19","z0016146","Pan","ETP","NPac_Eastern","North Pacific","Epac","Other",7.583333,281.666667,10,NA,"CR"
"20","z0016147","Pan","ETP","NPac_Eastern","North Pacific","Epac","Other",7.583333,281.666667,10,NA,"CR"
"21","z0018299","Pan","ETP","NPac_Eastern","North Pacific","Epac","Other",6.45,278.266667,12,NA,"CR"
"22","z0018300","Pan","ETP","NPac_Eastern","North Pacific","Epac","Other",6.45,278.266667,12,NA,"CR"
"23","z0018447","Mex","ETP","NPac_Eastern","North Pacific","Epac","Other",16.516666,259.366667,9,NA,"CR"
"24","z0018448","Mex","ETP","NPac_Eastern","North Pacific","Epac","Other",16.516666,259.366667,10,NA,"CR"
"25","z0018455","Mex","ETP","NPac_Eastern","North Pacific","Epac","Other",16.516666,259.366667,9,NA,"CR"
"26","z0018457","Mex","ETP","NPac_Eastern","North Pacific","Epac","Other",16.516666,259.366667,9,NA,"CR"
"27","z0018459","Mex","ETP","NPac_Eastern","North Pacific","Epac","Other",16.516666,259.316667,9,NA,"CR"
"28","z0018463","Mex","ETP","NPac_Eastern","North Pacific","Epac","Other",16.516666,259.316667,9,NA,"CR"
"29","z0018464","Mex","ETP","NPac_Eastern","North Pacific","Epac","Other",16.516666,259.316667,9,NA,"CR"
"30","z0018465","Mex","ETP","NPac_Eastern","North Pacific","Epac","Other",16.516666,259.316667,9,NA,"CR"
"31","z0038070","Mex","ETP","NPac_Eastern","North Pacific","Epac","Other",17.75,255.066667,11,NA,"CR"
"32","z0038071","Mex","ETP","NPac_Eastern","North Pacific","Epac","Other",17.75,255.066667,11,NA,"CR"
"33","z0049060","Palm","Palm","NPac_Central","North Pacific","CNP","Other",6.35,196.116667,9,NA,"CR"
"34","z0049062","Palm","Palm","NPac_Central","North Pacific","CNP","Other",6.35,196.116667,9,NA,"CR"
"35","z0067155","SW of Galapagos","ETP","S_Pacific","South Pacific","Spac","Other",-6.083333,261.9,28,NA,"CR"
"36","z0072691","Warm pool","ETP","NPac_Eastern","North Pacific","Epac","Other",14.466666,255.066667,10,NA,"CR"
"37","z0073896","HIPel","CNP-SE","NPac_Central","North Pacific","CNP","Other",19.333333,202.933334,25,NA,"CR"
"38","z0079762","AmSamoa","AmSamoa","S_Pacific","South Pacific","Spac","Other",-14.216666,189.366667,17,NA,"CR"
"39","z0079764","AmSamoa","AmSamoa","S_Pacific","South Pacific","Spac","Other",-14.216666,189.366667,17,NA,"CR"
"40","z0079904","CNPLongLine","CNP-SE","NPac_Central","North Pacific","CNP","Other",15.716666,200.066667,9,NA,"CR"
"41","z0093154","Australia","Australia","Indian_Ocean","Indian Ocean","Indian_Ocean","Other",-11.233333,132.116666,5,NA,"CR"
"42","z0093156","Australia","Australia","Indian_Ocean","Indian Ocean","Indian_Ocean","Other",-11.233333,132.116666,5,NA,"CR"
"43","z0094783","CNPLongLine","CNP-SE","NPac_Central","North Pacific","CNP","Other",17.116666,202.2,9,NA,"CR"
"44","z0102207","Pelagic","CNP-NW","NPac_Central","North Pacific","CNP","Other",28.866666,183.05,9,NA,"CR"
"45","z0102210","Pelagic","CNP-NW","NPac_Central","North Pacific","CNP","Other",28.866666,183.05,9,NA,"CR"
"46","z0102211","Pelagic","CNP-NW","NPac_Central","North Pacific","CNP","Other",29.7,186.8,30,NA,"CR"
"47","z0102215","Pelagic","CNP-NW","NPac_Central","North Pacific","CNP","Other",29.7,186.8,30,NA,"CR"
"48","z0114826","Falklands","Falklands","S_Atlantic","South Atlantic","Atl-South","Other",-51.833333,-58.233333,17,NA,"CR"
"49","z0114827","Falklands","Falklands","S_Atlantic","South Atlantic","Atl-South","Other",-51.833333,-58.233333,41,NA,"CR"
"50","z0114828","Falklands","Falklands","S_Atlantic","South Atlantic","Atl-South","Other",-51.833333,-58.233333,17,NA,"CR"
"51","z0114829","Falklands","Falklands","S_Atlantic","South Atlantic","Atl-South","Other",-51.833333,-58.233333,41,NA,"CR"
"52","z0114830","Falklands","Falklands","S_Atlantic","South Atlantic","Atl-South","Other",-51.833333,-58.233333,41,NA,"CR"
"53","z0114831","Falklands","Falklands","S_Atlantic","South Atlantic","Atl-South","Other",-51.833333,-58.233333,17,NA,"CR"
"54","z0114832","Falklands","Falklands","S_Atlantic","South Atlantic","Atl-South","Other",-51.833333,-58.233333,17,NA,"CR"
"55","z0114833","Falklands","Falklands","S_Atlantic","South Atlantic","Atl-South","Other",-51.833333,-58.233333,17,NA,"CR"
"56","z0114835","Falklands","Falklands","S_Atlantic","South Atlantic","Atl-South","Other",-51.833333,-58.233333,17,NA,"CR"
"57","z0114836","Falklands","Falklands","S_Atlantic","South Atlantic","Atl-South","Other",-51.833333,-58.233333,41,NA,"CR"
"58","z0114837","Falklands","Falklands","S_Atlantic","South Atlantic","Atl-South","Other",-51.833333,-58.233333,17,NA,"CR"
"59","z0114838","Falklands","Falklands","S_Atlantic","South Atlantic","Atl-South","Other",-51.833333,-58.233333,41,NA,"CR"
"60","z0114840","Falklands","Falklands","S_Atlantic","South Atlantic","Atl-South","Other",-51.833333,-58.233333,41,NA,"CR"
"61","z0114841","Falklands","Falklands","S_Atlantic","South Atlantic","Atl-South","Other",-51.833333,-58.233333,17,NA,"CR"
"62","z0114843","Falklands","Falklands","S_Atlantic","South Atlantic","Atl-South","Other",-51.833333,-58.233333,17,NA,"CR"
"63","z0114946","NWHIPelagic","CNP-NW","NPac_Central","North Pacific","CNP","Other",25.680748,188.442121,9,NA,"CR"
"64","z0114947","NWHIPelagic","CNP-NW","NPac_Central","North Pacific","CNP","Other",25.678543,188.437213,9,NA,"CR"
"65","z0114948","NWHIPelagic","CNP-NW","NPac_Central","North Pacific","CNP","Other",25.64124,188.373854,9,NA,"CR"
"66","z0116576","Marianas","CNMI","NPac_Western","North Pacific","Wpac","Other",14.146525,145.123612,34,NA,"CR"
"67","z0116578","Marianas","CNMI","NPac_Western","North Pacific","Wpac","Other",14.169067,145.145157,7,NA,"CR"
"68","z0116579","Marianas","CNMI","NPac_Western","North Pacific","Wpac","Other",14.23186,145.191214,34,NA,"CR"
"69","z0116581","Marianas","CNMI","NPac_Western","North Pacific","Wpac","Other",14.327905,145.190778,7,NA,"CR"
"70","z0116583","Marianas","CNMI","NPac_Western","North Pacific","Wpac","Other",14.358974,145.217086,34,NA,"CR"
"71","z0116584","Marianas","CNMI","NPac_Western","North Pacific","Wpac","Other",14.37321,145.240275,7,NA,"CR"
"72","z0116586","Marianas","CNMI","NPac_Western","North Pacific","Wpac","Other",14.151696,145.010931,34,NA,"CR"
"73","z0116587","Marianas","CNMI","NPac_Western","North Pacific","Wpac","Other",14.158669,145.005957,9,NA,"CR"
"74","z0116589","Marianas","CNMI","NPac_Western","North Pacific","Wpac","Other",14.170314,144.995839,9,NA,"CR"
"75","z0116590","Marianas","CNMI","NPac_Western","North Pacific","Wpac","Other",14.199764,144.978392,9,NA,"CR"
"76","z0117294","HIPel","CNP-SE","NPac_Central","North Pacific","CNP","Other",19.36934,203.91359,26,NA,"CR"
"77","z0117295","HIPel","CNP-SE","NPac_Central","North Pacific","CNP","Other",19.34693,203.92334,26,NA,"CR"
"78","z0117298","HIPel","CNP-SE","NPac_Central","North Pacific","CNP","Other",19.18978,203.9422,26,NA,"CR"
"79","z0123189","HIPel","CNP-NW","NPac_Central","North Pacific","CNP","Other",26.8,181.133334,32,NA,"CR"
"80","z0125680","Philippines","Philippines","NPac_Western","North Pacific","Wpac","Other",NA,NA,62,NA,"CR"
"81","z0143687","HIPel","CNP-NW","NPac_Central","North Pacific","CNP","Other",27.618333,193.816667,30,NA,"CR"
"82","z0143719","Guam","CNMI","NPac_Western","North Pacific","Wpac","Other",13.566674,144.722476,26,NA,"CR"
"83","z0143720","Guam","CNMI","NPac_Western","North Pacific","Wpac","Other",13.567512,144.724012,26,NA,"CR"
"84","z0143721","Guam","CNMI","NPac_Western","North Pacific","Wpac","Other",13.569771,144.724191,26,NA,"CR"
"85","z0143722","Guam","CNMI","NPac_Western","North Pacific","Wpac","Other",13.588383,144.733388,9,NA,"CR"
"86","z0143723","Guam","CNMI","NPac_Western","North Pacific","Wpac","Other",13.589869,144.735235,26,NA,"CR"
"87","z0143724","Guam","CNMI","NPac_Western","North Pacific","Wpac","Other",13.591987,144.736384,26,NA,"CR"
"88","z0143726","Guam","CNMI","NPac_Western","North Pacific","Wpac","Other",13.653926,144.722857,9,NA,"CR"
"89","z0143727","Guam","CNMI","NPac_Western","North Pacific","Wpac","Other",13.65531,144.722741,9,NA,"CR"
"90","z0143733","Tinian","CNMI","NPac_Western","North Pacific","Wpac","Other",14.999291,145.52925,34,NA,"CR"
"91","z0143734","Saipan/Tinian","CNMI","NPac_Western","North Pacific","Wpac","Other",15.076094,145.533862,34,NA,"CR"
"92","z0143735","Saipan/Tinian","CNMI","NPac_Western","North Pacific","Wpac","Other",15.078646,145.532896,34,NA,"CR"
"93","z0143736","Saipan/Tinian","CNMI","NPac_Western","North Pacific","Wpac","Other",15.09117,145.538642,34,NA,"CR"
"94","z0143737","Saipan/Tinian","CNMI","NPac_Western","North Pacific","Wpac","Other",15.095018,145.540209,34,NA,"CR"
"95","z0143739","Saipan/Tinian","CNMI","NPac_Western","North Pacific","Wpac","Other",15.120501,145.557006,34,NA,"CR"
"96","z0143740","Saipan/Tinian","CNMI","NPac_Western","North Pacific","Wpac","Other",15.123666,145.559329,34,NA,"CR"
"97","z0146451","CACurrent","CACurrent","NPac_Eastern","North Pacific","Epac","Other",32.866666,242.735,27,NA,"CR"
"98","z0146454","CACurrent","CACurrent","NPac_Eastern","North Pacific","Epac","Other",32.866666,242.735,35,NA,"CR"
"99","z0159746","Asuncion-offshore","CNMI","NPac_Western","North Pacific","Wpac","Other",19.78924,145.34121,46,NA,"CR"
"100","z0159747","Asuncion-offshore","CNMI","NPac_Western","North Pacific","Wpac","Other",19.78829,145.3587,46,NA,"CR"
"101","z0159748","Asuncion-offshore","CNMI","NPac_Western","North Pacific","Wpac","Other",19.79058,145.42557,46,NA,"CR"
"102","z0159783","Guam","CNMI","NPac_Western","North Pacific","Wpac","Other",13.538309,144.743823,47,NA,"CR"
"103","z0186412","PMNM","CNP-NW","NPac_Central","North Pacific","CNP","Other",25.24035,187.16677,9,NA,"CR"
"104","z0186415","Niihau","CNP-NW","NPac_Central","North Pacific","CNP","Other",21.88103,200.22965,9,NA,"CR"
"105","z0186416","Niihau","CNP-NW","NPac_Central","North Pacific","CNP","Other",21.88864,200.23051,9,NA,"CR"
"106","z0186417","Niihau","CNP-NW","NPac_Central","North Pacific","CNP","Other",21.89489,200.22456,38,NA,"CR"
"107","z0186418","Niihau","CNP-NW","NPac_Central","North Pacific","CNP","Other",21.89407,200.22246,38,NA,"CR"
"108","z0186419","Niihau","CNP-NW","NPac_Central","North Pacific","CNP","Other",21.89275,200.22013,38,NA,"CR"
"109","z0186420","Niihau","CNP-NW","NPac_Central","North Pacific","CNP","Other",21.89106,200.17854,38,NA,"CR"
"110","z0186421","Niihau","CNP-NW","NPac_Central","North Pacific","CNP","Other",22.16543,199.57948,38,NA,"CR"
"111","z0186422","Niihau","CNP-NW","NPac_Central","North Pacific","CNP","Other",22.23608,199.61186,9,NA,"CR"
"112","z0186426","Niihau","CNP-NW","NPac_Central","North Pacific","CNP","Other",22.24885,199.66806,40,NA,"CR"
"113","z0186427","Niihau","CNP-NW","NPac_Central","North Pacific","CNP","Other",22.25067,199.66888,9,NA,"CR"
"114","z0186428","Niihau","CNP-NW","NPac_Central","North Pacific","CNP","Other",22.27045,199.68983,38,NA,"CR"
"115","z0186429","Niihau","CNP-NW","NPac_Central","North Pacific","CNP","Other",22.27192,199.70739,9,NA,"CR"
"116","z0186430","Niihau","CNP-NW","NPac_Central","North Pacific","CNP","Other",22.27626,199.72828,9,NA,"CR"
"117","z0186436","MHI-Offshore","CNP-NW","NPac_Central","North Pacific","CNP","Other",23.39922,183.96213,38,NA,"CR"
"118","z0186437","MHI-Offshore","CNP-NW","NPac_Central","North Pacific","CNP","Other",23.39908,183.96191,38,NA,"CR"
"119","z0186439","MHI-Offshore","CNP-NW","NPac_Central","North Pacific","CNP","Other",23.38909,183.97518,38,NA,"CR"
"120","z0186441","MHI-Offshore","CNP-NW","NPac_Central","North Pacific","CNP","Other",23.38858,183.97478,38,NA,"CR"
"121","z0186442","MHI-Offshore","CNP-NW","NPac_Central","North Pacific","CNP","Other",23.38774,183.96971,38,NA,"CR"
"122","z0186445","MHI-Offshore","CNP-NW","NPac_Central","North Pacific","CNP","Other",23.37417,183.94601,38,NA,"CR"
"123","z0186446","MHI-Offshore","CNP-NW","NPac_Central","North Pacific","CNP","Other",23.37419,183.94593,38,NA,"CR"
"124","z0196618","Florida","Florida-weird","N_Atlantic","North Atlantic","Atl-North","Atl-North",25.575,-81.2291,23,NA,"CR"
"125","z0196619","Florida","Florida-weird","N_Atlantic","North Atlantic","Atl-North","Atl-North",25.575,-81.2291,23,NA,"CR"
"126","z0202045","HIPel","CNP-SE","NPac_Central","North Pacific","CNP","Other",19.53219,203.46486,6,NA,"CR"
"127","z0202046","HIPel","CNP-SE","NPac_Central","North Pacific","CNP","Other",19.50622,203.3736,48,NA,"CR"
"128","z0202047","HIPel","CNP-SE","NPac_Central","North Pacific","CNP","Other",19.50622,203.3736,25,NA,"CR"
"129","z0202048","HIPel","CNP-SE","NPac_Central","North Pacific","CNP","Other",19.51314,203.31452,48,NA,"CR"
"130","z0205939","HIPel","CNP-SE","NPac_Central","North Pacific","CNP","Other",19.253333,201.85,25,NA,"CR"
"131","z0206164","Australia","Australia","Aus_resident","Indian Ocean","Aus_resident","Other",-12.72059,130.94604,45,NA,"CR"
"132","z0206166","Australia","Australia","Aus_resident","Indian Ocean","Aus_resident","Other",-19.79755556,120.541111,45,NA,"CR"
"133","z0206167","Australia","Australia","Aus_resident","Indian Ocean","Aus_resident","Other",-15.0419,123.889283,45,NA,"CR"
"134","z0206168","Australia","Australia","Aus_resident","Indian Ocean","Aus_resident","Other",-15.9419,123.889283,45,NA,"CR"
"135","z0206169","Australia","Australia","Aus_resident","Indian Ocean","Aus_resident","Other",-15.9419,123.889283,45,NA,"CR"
"136","z0206170","Australia","Australia","Aus_resident","Indian Ocean","Aus_resident","Other",-15.9419,123.889283,45,NA,"CR"
"137","z0206171","Australia","Australia","Aus_resident","Indian Ocean","Aus_resident","Other",-15.9419,123.889283,45,NA,"CR"
"138","z0207787","HIPel","CNP-SE","NPac_Central","North Pacific","CNP","Other",20.04009,203.94776,26,NA,"CR"
"139","z0214432","Guam","CNMI","NPac_Western","North Pacific","Wpac","Other",22.978,144.0382,49,NA,"CR"
"140","z0214433","Guam","CNMI","NPac_Western","North Pacific","Wpac","Other",21.4645,147.4358,49,NA,"CR"
"141","z0216897","HIPel","CNP-SE","NPac_Central","North Pacific","CNP","Other",19.20753,203.68759,6,NA,"CR"
"142","z0216898","HIPel","CNP-SE","NPac_Central","North Pacific","CNP","Other",19.22047,203.66487,6,NA,"CR"
"143","z0216899","HIPel","CNP-SE","NPac_Central","North Pacific","CNP","Other",19.45189,203.15208,25,NA,"CR"
"144","z0217541","HIPel","CNP-NW","NPac_Central","North Pacific","CNP","Other",21.84208,200.8776,6,NA,"CR"
"145","z0217542","HIPel","CNP-NW","NPac_Central","North Pacific","CNP","Other",21.8663,200.90135,6,NA,"CR"
"146","z0217543","WpacLongLine","Wpac","NPac_Western","North Pacific","Wpac","Other",15.0681,165.4019,9,NA,"CR"
"147","z0217548","HIPel","CNP-SE","NPac_Central","North Pacific","CNP","Other",16.29242,199.07447,9,NA,"CR"
"148","z0217549","HIPel","CNP-SE","NPac_Central","North Pacific","CNP","Other",16.29242,199.07447,9,NA,"CR"
"149","z0000022","MHI","MHI","HI_res","North Pacific","MHI","Other",21.25,201.85,1,NA,"CR"
"150","z0018938","MHI","MHI","HI_res","North Pacific","MHI","Other",20.716666,203.45,1,NA,"CR"
"151","z0018946","MHI","MHI","HI_res","North Pacific","MHI","Other",20.733333,203.133334,1,NA,"CR"
"152","z0023316","MHI","MHI","HI_res","North Pacific","MHI","Other",20.75,203.483334,1,NA,"CR"
"153","z0023317","MHI","MHI","HI_res","North Pacific","MHI","Other",20.75,203.483334,1,NA,"CR"
"154","z0023318","MHI","MHI","HI_res","North Pacific","MHI","Other",20.75,203.483334,2,NA,"CR"
"155","z0023321","MHI","MHI","HI_res","North Pacific","MHI","Other",20.75,203.483334,1,NA,"CR"
"156","z0027454","MHI","MHI","HI_res","North Pacific","MHI","Other",21.333333,201.85,1,NA,"CR"
"157","z0030073","MHI","MHI","HI_res","North Pacific","MHI","Other",19.55,204.033334,1,NA,"CR"
"158","z0030077","MHI","MHI","HI_res","North Pacific","MHI","Other",19.55,204.033334,1,NA,"CR"
"159","z0030078","MHI","MHI","HI_res","North Pacific","MHI","Other",19.55,204.033334,2,NA,"CR"
"160","z0030079","MHI","MHI","HI_res","North Pacific","MHI","Other",19.55,204.033334,1,NA,"CR"
"161","z0030080","MHI","MHI","HI_res","North Pacific","MHI","Other",19.55,204.033334,1,NA,"CR"
"162","z0030081","MHI","MHI","HI_res","North Pacific","MHI","Other",19.55,204.033334,1,NA,"CR"
"163","z0033886","MHI","MHI","HI_res","North Pacific","MHI","Other",21.3,201.816667,1,NA,"CR"
"164","z0033887","MHI","MHI","HI_res","North Pacific","MHI","Other",21.266666,201.866667,1,NA,"CR"
"165","z0033888","MHI","MHI","HI_res","North Pacific","MHI","Other",21.266666,201.866667,1,NA,"CR"
"166","z0033890","MHI","MHI","HI_res","North Pacific","MHI","Other",21.233333,201.916667,1,NA,"CR"
"167","z0033891","MHI","MHI","HI_res","North Pacific","MHI","Other",21.233333,201.916667,1,NA,"CR"
"168","z0033895","MHI","MHI","HI_res","North Pacific","MHI","Other",21.033333,202,1,NA,"CR"
"169","z0033904","MHI","MHI","HI_res","North Pacific","MHI","Other",21.25,201.883334,1,NA,"CR"
"170","z0033907","MHI","MHI","HI_res","North Pacific","MHI","Other",21.2,201.95,1,NA,"CR"
"171","z0033909","MHI","MHI","HI_res","North Pacific","MHI","Other",21.183333,202.033334,1,NA,"CR"
"172","z0041286","MHI","MHI","HI_res","North Pacific","MHI","Other",20.066666,204.133334,1,NA,"CR"
"173","z0045921","MHI","MHI","HI_res","North Pacific","MHI","Other",19.35,203.8,1,NA,"CR"
"174","z0045922","MHI","MHI","HI_res","North Pacific","MHI","Other",19.6,203.8,1,NA,"CR"
"175","z0045932","MHI","MHI","HI_res","North Pacific","MHI","Other",19.966666,203.833334,1,NA,"CR"
"176","z0049043","MHI","MHI","HI_res","North Pacific","MHI","Other",19.15,203.983334,1,NA,"CR"
"177","z0049044","MHI","MHI","HI_res","North Pacific","MHI","Other",19.15,203.983334,1,NA,"CR"
"178","z0049046","MHI","MHI","HI_res","North Pacific","MHI","Other",19.15,203.983334,2,NA,"CR"
"179","z0049049","MHI","MHI","HI_res","North Pacific","MHI","Other",19.15,203.983334,1,NA,"CR"
"180","z0049050","MHI","MHI","HI_res","North Pacific","MHI","Other",19.15,203.983334,1,NA,"CR"
"181","z0049051","MHI","MHI","HI_res","North Pacific","MHI","Other",19.15,203.983334,2,NA,"CR"
"182","z0049053","MHI","MHI","HI_res","North Pacific","MHI","Other",19.15,203.983334,2,NA,"CR"
"183","z0049054","MHI","MHI","HI_res","North Pacific","MHI","Other",19.15,203.983334,1,NA,"CR"
"184","z0071016","MHI","MHI","HI_res","North Pacific","MHI","Other",19.816666,203.933334,2,NA,"CR"
"185","z0071017","MHI","MHI","HI_res","North Pacific","MHI","Other",19.816666,203.933334,2,NA,"CR"
"186","z0075661","MHI","MHI","HI_res","North Pacific","MHI","Other",19.583333,203.983334,1,NA,"CR"
"187","z0075662","MHI","MHI","HI_res","North Pacific","MHI","Other",19.633333,203.966667,2,NA,"CR"
"188","z0075663","MHI","MHI","HI_res","North Pacific","MHI","Other",19.666666,203.966667,2,NA,"CR"
"189","z0075665","MHI","MHI","HI_res","North Pacific","MHI","Other",19.8,203.95,1,NA,"CR"
"190","z0075666","MHI","MHI","HI_res","North Pacific","MHI","Other",19.816666,203.95,2,NA,"CR"
"191","z0075677","MHI","MHI","HI_res","North Pacific","MHI","Other",19.6,203.983334,2,NA,"CR"
"192","z0075678","MHI","MHI","HI_res","North Pacific","MHI","Other",19.583333,204,1,NA,"CR"
"193","z0075679","MHI","MHI","HI_res","North Pacific","MHI","Other",19.55,204,1,NA,"CR"
"194","z0091082","MHI","MHI","HI_res","North Pacific","MHI","Other",19.6,203.9,1,NA,"CR"
"195","z0091083","MHI","MHI","HI_res","North Pacific","MHI","Other",19.633333,203.9,1,NA,"CR"
"196","z0091084","MHI","MHI","HI_res","North Pacific","MHI","Other",19.65,203.933334,1,NA,"CR"
"197","z0091085","MHI","MHI","HI_res","North Pacific","MHI","Other",19.716666,203.916667,1,NA,"CR"
"198","z0091275","MHI","MHI","HI_res","North Pacific","MHI","Other",19.7,203.566667,1,NA,"CR"
"199","z0091277","MHI","MHI","HI_res","North Pacific","MHI","Other",19.683333,203.583334,1,NA,"CR"
"200","z0091278","MHI","MHI","HI_res","North Pacific","MHI","Other",19.633333,203.566667,1,NA,"CR"
"201","z0091285","MHI","MHI","HI_res","North Pacific","MHI","Other",19.5,204.033334,2,NA,"CR"
"202","z0092256","MHI","MHI","HI_res","North Pacific","MHI","Other",21.383333,201.8,1,NA,"CR"
"203","z0098732","MHI","MHI","HI_res","North Pacific","MHI","Other",19.766666,203.916667,2,NA,"CR"
"204","z0098736","MHI","MHI","HI_res","North Pacific","MHI","Other",19.666666,203.95,2,NA,"CR"
"205","z0098740","MHI","MHI","HI_res","North Pacific","MHI","Other",19.8,203.95,1,NA,"CR"
"206","z0098746","MHI","MHI","HI_res","North Pacific","MHI","Other",19.733333,203.933334,2,NA,"CR"
"207","z0102217","NWHI","NWHI","HI_res","North Pacific","NWHI","Other",24.466666,191.4,1,NA,"CR"
"208","z0102218","NWHI","NWHI","HI_res","North Pacific","NWHI","Other",24.466666,191.4,1,NA,"CR"
"209","z0102221","NWHI","NWHI","HI_res","North Pacific","NWHI","Other",24.466666,191.4,1,NA,"CR"
"210","z0102222","NWHI","NWHI","HI_res","North Pacific","NWHI","Other",23.433333,197.75,1,NA,"CR"
"211","z0102223","NWHI","NWHI","HI_res","North Pacific","NWHI","Other",23.183333,197.933334,1,NA,"CR"
"212","z0102224","NWHI","NWHI","HI_res","North Pacific","NWHI","Other",23.183333,197.933334,1,NA,"CR"
"213","z0102226","NWHI","NWHI","HI_res","North Pacific","NWHI","Other",23.183333,197.933334,1,NA,"CR"
"214","z0102227","NWHI","NWHI","HI_res","North Pacific","NWHI","Other",23.183333,197.933334,1,NA,"CR"
"215","z0102230","NWHI","NWHI","HI_res","North Pacific","NWHI","Other",23.183333,197.933334,1,NA,"CR"
"216","z0102233","NWHI","NWHI","HI_res","North Pacific","NWHI","Other",23.183333,197.933334,1,NA,"CR"
"217","z0102431","NWHI","NWHI","HI_res","North Pacific","NWHI","Other",22.916666,197.6,1,NA,"CR"
"218","z0102436","NWHI","NWHI","HI_res","North Pacific","NWHI","Other",22.916666,197.6,1,NA,"CR"
"219","z0102438","NWHI","NWHI","HI_res","North Pacific","NWHI","Other",22.916666,197.6,1,NA,"CR"
"220","z0102439","NWHI","NWHI","HI_res","North Pacific","NWHI","Other",22.916666,197.6,1,NA,"CR"
"221","z0102483","MHI","MHI","HI_res","North Pacific","MHI","Other",21.233333,201.75,1,NA,"CR"
"222","z0102500","MHI","MHI","HI_res","North Pacific","MHI","Other",21.483333,201.75,1,NA,"CR"
"223","z0108129","Kauai","NWHI","HI_res","North Pacific","NWHI","Other",22.216666,200.033334,1,NA,"CR"
"224","z0108132","Kauai","NWHI","HI_res","North Pacific","NWHI","Other",22.25,200.116667,1,NA,"CR"
"225","z0108133","Kauai","NWHI","HI_res","North Pacific","NWHI","Other",22.233333,200.216667,1,NA,"CR"
"226","z0108134","Kauai","NWHI","HI_res","North Pacific","NWHI","Other",22.25,200.233334,1,NA,"CR"
"227","z0108136","Kauai","NWHI","HI_res","North Pacific","NWHI","Other",22.266666,200.3,1,NA,"CR"
"228","z0108138","Kauai","NWHI","HI_res","North Pacific","NWHI","Other",22.15,200.216667,1,NA,"CR"
"229","z0123188","MHI","MHI","HI_res","North Pacific","MHI","Other",NA,NA,1,NA,"CR"
"230","z0132632","MHI","MHI","HI_res","North Pacific","MHI","Other",19.716666,203.916667,1,NA,"CR"
"231","z0132633","MHI","MHI","HI_res","North Pacific","MHI","Other",19.716666,203.933334,2,NA,"CR"
"232","z0132634","MHI","MHI","HI_res","North Pacific","MHI","Other",19.666666,203.933334,2,NA,"CR"
"233","z0132642","MHI","MHI","HI_res","North Pacific","MHI","Other",19.533333,204.016667,1,NA,"CR"
"234","z0132661","MHI","MHI","HI_res","North Pacific","MHI","Other",19.45,204.05,1,NA,"CR"
"235","z0159618","MHI","MHI","HI_res","North Pacific","MHI","Other",20.16183,203.74817,1,NA,"CR"
"236","z0159619","MHI","MHI","HI_res","North Pacific","MHI","Other",20.12795,203.75466,1,NA,"CR"
"237","z0159620","Kauai","NWHI","HI_res","North Pacific","NWHI","Other",21.91215,200.23959,1,NA,"CR"
"238","z0159712","MHI","MHI","HI_res","North Pacific","MHI","Other",21.34158,201.84421,1,NA,"CR"
"239","z0159988","MHI","MHI","HI_res","North Pacific","MHI","Other",19.83757,203.84266,1,NA,"CR"
"240","z0160208","MHI","MHI","HI_res","North Pacific","MHI","Other",NA,NA,1,NA,"CR"
"241","z0175247","MHI","MHI","HI_res","North Pacific","MHI","Other",21.6477,201.71465,1,NA,"CR"
"242","z0175248","MHI","MHI","HI_res","North Pacific","MHI","Other",21.63985,201.70901,1,NA,"CR"
"243","z0175249","MHI","MHI","HI_res","North Pacific","MHI","Other",21.63603,201.70618,1,NA,"CR"
"244","z0175251","MHI","MHI","HI_res","North Pacific","MHI","Other",21.62081,201.70331,1,NA,"CR"
"245","z0175867","MHI","MHI","HI_res","North Pacific","MHI","Other",21.45515,201.70059,1,NA,"CR"
"246","z0175874","MHI","MHI","HI_res","North Pacific","MHI","Other",21.49705,201.70596,1,NA,"CR"
"247","z0178364","MHI","MHI","HI_res","North Pacific","MHI","Other",18.97251,204.38733,1,NA,"CR"
"248","z0183541","MHI","MHI","HI_res","North Pacific","MHI","Other",20.68015,202.91105,1,NA,"CR"
"249","z0183542","MHI","MHI","HI_res","North Pacific","MHI","Other",20.68495,202.91025,1,NA,"CR"
"250","z0183543","MHI","MHI","HI_res","North Pacific","MHI","Other",20.72885,202.89184,1,NA,"CR"
"251","z0183544","MHI","MHI","HI_res","North Pacific","MHI","Other",20.73676,203.49863,1,NA,"CR"
"252","z0186431","MHI","MHI","HI_res","North Pacific","MHI","Other",21.51399,201.52954,1,NA,"CR"
"253","z0186432","MHI","MHI","HI_res","North Pacific","MHI","Other",21.48095,201.52737,1,NA,"CR"
"254","z0186434","MHI","MHI","HI_res","North Pacific","MHI","Other",21.41806,201.52479,1,NA,"CR"
"255","z0186447","MHI","MHI","HI_res","North Pacific","MHI","Other",20.04586,203.99038,1,NA,"CR"
"256","z0186448","MHI","MHI","HI_res","North Pacific","MHI","Other",20.09566,203.99271,1,NA,"CR"
"257","z0186449","MHI","MHI","HI_res","North Pacific","MHI","Other",20.1732,204.01812,1,NA,"CR"
"258","z0186450","MHI","MHI","HI_res","North Pacific","MHI","Other",20.15761,204.01993,1,NA,"CR"
"259","z0186451","MHI","MHI","HI_res","North Pacific","MHI","Other",20.14479,204.02508,1,NA,"CR"
"260","z0186452","MHI","MHI","HI_res","North Pacific","MHI","Other",20.13032,204.04727,1,NA,"CR"
"261","z0187740","MHI","MHI","HI_res","North Pacific","MHI","Other",21.05844,201.809,1,NA,"CR"
"262","z0190862","MHI","MHI","HI_res","North Pacific","MHI","Other",21.38931,201.46694,1,NA,"CR"
"263","z0190863","MHI","MHI","HI_res","North Pacific","MHI","Other",21.36051,201.44772,1,NA,"CR"
"264","z0190864","MHI","MHI","HI_res","North Pacific","MHI","Other",21.26077,201.3514,1,NA,"CR"
"265","z0190865","MHI","MHI","HI_res","North Pacific","MHI","Other",21.3127,201.44569,1,NA,"CR"
"266","z0190866","MHI","MHI","HI_res","North Pacific","MHI","Other",21.18205,201.79333,1,NA,"CR"
"267","z0190867","MHI","MHI","HI_res","North Pacific","MHI","Other",20.74922,202.86613,1,NA,"CR"
"268","z0196951","MHI","MHI","HI_res","North Pacific","MHI","Other",20.26439,203.90751,2,NA,"CR"
"269","z0196952","MHI","MHI","HI_res","North Pacific","MHI","Other",20.27156,203.89522,2,NA,"CR"
"270","z0198374","MHI","MHI","HI_res","North Pacific","MHI","Other",20.72547,203.12724,1,NA,"CR"
"271","z0198375","MHI","MHI","HI_res","North Pacific","MHI","Other",20.71985,203.10743,1,NA,"CR"
"272","z0198376","MHI","MHI","HI_res","North Pacific","MHI","Other",20.72117,203.06976,1,NA,"CR"
"273","z0202050","MHI","MHI","HI_res","North Pacific","MHI","Other",19.48624,203.97471,1,NA,"CR"
"274","z0202052","MHI","MHI","HI_res","North Pacific","MHI","Other",19.7084,203.93633,1,NA,"CR"
"275","z0203249","Kauai","NWHI","HI_res","North Pacific","NWHI","Other",22.16073,200.10739,1,NA,"CR"
"276","z0203250","Kauai","NWHI","HI_res","North Pacific","NWHI","Other",22.17224,200.10932,1,NA,"CR"
"277","z0207792","MHI","MHI","HI_res","North Pacific","MHI","Other",19.40407,203.98212,1,NA,"CR"
"278","z0207793","MHI","MHI","HI_res","North Pacific","MHI","Other",19.3454,203.98835,1,NA,"CR"
"279","z0207802","MHI","MHI","HI_res","North Pacific","MHI","Other",20.39801,203.0516,1,NA,"CR"
"280","z0207803","MHI","MHI","HI_res","North Pacific","MHI","Other",20.69897,202.80264,1,NA,"CR"
"281","z0207807","MHI","MHI","HI_res","North Pacific","MHI","Other",20.65184,202.91464,1,NA,"CR"
"282","z0207808","MHI","MHI","HI_res","North Pacific","MHI","Other",20.65221,202.96299,1,NA,"CR"
"283","z0207809","MHI","MHI","HI_res","North Pacific","MHI","Other",20.64843,202.98229,1,NA,"CR"
"284","z0207810","MHI","MHI","HI_res","North Pacific","MHI","Other",20.65125,203.01124,1,NA,"CR"
"285","z0207811","MHI","MHI","HI_res","North Pacific","MHI","Other",20.71609,203.0975,1,NA,"CR"
"286","z0207813","MHI","MHI","HI_res","North Pacific","MHI","Other",20.70479,203.12242,1,NA,"CR"
"287","z0207822","MHI","MHI","HI_res","North Pacific","MHI","Other",20.73708,203.18066,1,NA,"CR"
"288","z0207823","MHI","MHI","HI_res","North Pacific","MHI","Other",20.7746,203.20638,1,NA,"CR"
"289","z0211011","MHI","MHI","HI_res","North Pacific","MHI","Other",21.84336,200.4876,1,NA,"CR"
"290","z0211012","MHI","MHI","HI_res","North Pacific","MHI","Other",21.8439,200.50055,1,NA,"CR"
"291","z0211014","MHI","MHI","HI_res","North Pacific","MHI","Other",19.67638,203.94266,1,NA,"CR"
"292","z0211020","MHI","MHI","HI_res","North Pacific","MHI","Other",19.7527,203.93371,1,NA,"CR"
"293","z0211021","MHI","MHI","HI_res","North Pacific","MHI","Other",19.81473,203.86742,1,NA,"CR"
"294","z0211022","MHI","MHI","HI_res","North Pacific","MHI","Other",20.02714,203.78858,1,NA,"CR"
"295","z0214699","MHI","MHI","HI_res","North Pacific","MHI","Other",19.93622,203.79799,1,NA,"CR"
"296","z0216889","MHI","MHI","HI_res","North Pacific","MHI","Other",19.62423,203.973,1,NA,"CR"
"297","z0218145","MHI","MHI","HI_res","North Pacific","MHI","Other",20.69661,202.86303,1,NA,"CR"
"298","z0218148","MHI","MHI","HI_res","North Pacific","MHI","Other",20.70509,202.88484,1,NA,"CR"
"299","z0218149","MHI","MHI","HI_res","North Pacific","MHI","Other",20.70509,202.88484,1,NA,"CR"
"300","z0218150","MHI","MHI","HI_res","North Pacific","MHI","Other",20.71469,202.88316,1,NA,"CR"
"301","z0222577","MHI","MHI","HI_res","North Pacific","MHI","Other",19.69793,203.92845,1,NA,"CR"
"302","z0222578","MHI","MHI","HI_res","North Pacific","MHI","Other",19.51481,203.99747,2,NA,"CR"
"303","z0222579","Kauai","NWHI","HI_res","North Pacific","NWHI","Other",22.11637,200.1356,1,NA,"CR"
"304","z0222580","Kauai","NWHI","HI_res","North Pacific","NWHI","Other",22.11637,200.1356,1,NA,"CR"
"305","z0004176","JAPAN","Unknown","NPac_Western","North Pacific","Wpac","Other",33.766666,129.716666,18,"Pcra.mito.20","mito"
"306","z0004522","IndianOcean","IO-west","Indian_Ocean","Indian Ocean","Indian_Ocean","Other",6.416666,62.433333,21,"Pcra.mito.21","mito"
"307","z0007397","MALAYSIA","Malaysia","Indian_Ocean","Indian Ocean","Indian_Ocean","Other",3.766666,100.983333,20,"Pcra.mito.63","mito"
"308","z0009883","MALDIVES","Maldives","Indian_Ocean","Indian Ocean","Indian_Ocean","Other",3.35,73.416666,21,"Pcra.mito.23","mito"
"309","z0011648","Mex","ETP","NPac_Eastern","North Pacific","Epac","Other",16.45,259.716667,9,"Pcra.mito.03","mito"
"310","z0011650","Mex","ETP","NPac_Eastern","North Pacific","Epac","Other",16.45,259.716667,9,"Pcra.mito.03","mito"
"311","z0016137","Pan","ETP","NPac_Eastern","North Pacific","Epac","Other",7.583333,281.666667,10,"Pcra.mito.05","mito"
"312","z0016143","Pan","ETP","NPac_Eastern","North Pacific","Epac","Other",7.583333,281.666667,10,"Pcra.mito.25","mito"
"313","z0016148","Pan","ETP","NPac_Eastern","North Pacific","Epac","Other",7.583333,281.666667,10,"Pcra.mito.05","mito"
"314","z0017139","HongKong","Unknown","NPac_Western","North Pacific","Wpac","Other",22.25,114.166666,19,"Pcra.mito.67","mito"
"315","z0018301","Pan","ETP","NPac_Eastern","North Pacific","Epac","Other",6.45,278.266667,12,"Pcra.mito.26","mito"
"316","z0018454","Mex","ETP","NPac_Eastern","North Pacific","Epac","Other",16.516666,259.366667,10,"Pcra.mito.27","mito"
"317","z0018458","Mex","ETP","NPac_Eastern","North Pacific","Epac","Other",16.516666,259.366667,9,"Pcra.mito.03","mito"
"318","z0018461","Mex","ETP","NPac_Eastern","North Pacific","Epac","Other",16.516666,259.316667,9,"Pcra.mito.03","mito"
"319","z0018462","Mex","ETP","NPac_Eastern","North Pacific","Epac","Other",16.516666,259.316667,9,"Pcra.mito.03","mito"
"320","z0027510","Ncarolina","NC-weird","N_Atlantic","North Atlantic","Atl-North","Atl-North",36.15429,-75.73861,23,"Pcra.mito.10","mito"
"321","z0038074","Mex","ETP","NPac_Eastern","North Pacific","Epac","Other",17.75,255.066667,11,"Pcra.mito.28","mito"
"322","z0041854","CNPLongLine","CNP-SE","NPac_Central","North Pacific","CNP","Other",13.85,198.916667,9,"Pcra.mito.29","mito"
"323","z0041855","CNPLongLine","CNP-SE","NPac_Central","North Pacific","CNP","Other",18.3,202.05,9,"Pcra.mito.06","mito"
"324","z0045817","AmSamoa","AmSamoa","S_Pacific","South Pacific","Spac","Other",-14.35,189.3,17,"Pcra.mito.09","mito"
"325","z0049057","Palm","Palm","NPac_Central","North Pacific","CNP","Other",6.35,196.116667,9,"Pcra.mito.11","mito"
"326","z0049058","Palm","Palm","NPac_Central","North Pacific","CNP","Other",6.35,196.116667,7,"Pcra.mito.31","mito"
"327","z0049059","Palm","Palm","NPac_Central","North Pacific","CNP","Other",6.35,196.116667,9,"Pcra.mito.11","mito"
"328","z0049097","CNPLongLine","CNP-NW","NPac_Central","North Pacific","CNP","Other",21.266666,206.166667,6,"Pcra.mito.12","mito"
"329","z0049098","CNPLongLine","CNP-NW","NPac_Central","North Pacific","CNP","Other",22.45,208.816667,9,"Pcra.mito.06","mito"
"330","z0053477","CNPLongLine","CNP-SE","NPac_Central","North Pacific","CNP","Other",20.25,193.9,9,"Pcra.mito.06","mito"
"331","z0067067","Warm pool","ETP","NPac_Eastern","North Pacific","Epac","Other",13.483333,253.333334,27,"Pcra.mito.32","mito"
"332","z0067156","SW of Galapagos","ETP","S_Pacific","South Pacific","Spac","Other",-6.083333,261.9,28,"Pcra.mito.33","mito"
"333","z0072688","Warm pool","ETP","NPac_Eastern","North Pacific","Epac","Other",13.366666,254.95,10,"Pcra.mito.05","mito"
"334","z0072692","Warm pool","ETP","NPac_Eastern","North Pacific","Epac","Other",14.466666,255.066667,10,"Pcra.mito.05","mito"
"335","z0072696","Warm pool","ETP","NPac_Eastern","North Pacific","Epac","Other",14.766666,255.166667,29,"Pcra.mito.60","mito"
"336","z0073895","HIPel","CNP-SE","NPac_Central","North Pacific","CNP","Other",19.333333,202.933334,25,"Pcra.mito.34","mito"
"337","z0073897","HIPel","CNP-SE","NPac_Central","North Pacific","CNP","Other",19.266666,202.85,9,"Pcra.mito.06","mito"
"338","z0074710","AmSamoa","AmSamoa","S_Pacific","South Pacific","Spac","Other",-15.725,190.868333,26,"Pcra.mito.66","mito"
"339","z0079763","AmSamoa","AmSamoa","S_Pacific","South Pacific","Spac","Other",-14.216666,189.366667,17,"Pcra.mito.09","mito"
"340","z0079765","AmSamoa","AmSamoa","S_Pacific","South Pacific","Spac","Other",-14.216666,189.366667,17,"Pcra.mito.09","mito"
"341","z0093155","Australia","Australia","Indian_Ocean","Indian Ocean","Indian_Ocean","Other",-11.233333,132.116666,5,"Pcra.mito.37","mito"
"342","z0094784","CNPLongLine","CNP-NW","NPac_Central","North Pacific","CNP","Other",22.033333,207.183334,9,"Pcra.mito.38","mito"
"343","z0102208","Pelagic","CNP-NW","NPac_Central","North Pacific","CNP","Other",28.866666,183.05,9,"Pcra.mito.13","mito"
"344","z0102212","Pelagic","CNP-NW","NPac_Central","North Pacific","CNP","Other",29.7,186.8,30,"Pcra.mito.40","mito"
"345","z0102213","Pelagic","CNP-NW","NPac_Central","North Pacific","CNP","Other",29.7,186.8,30,"Pcra.mito.41","mito"
"346","z0102216","Pelagic","CNP-SE","NPac_Central","North Pacific","CNP","Other",17.866666,205,26,"Pcra.mito.07","mito"
"347","z0108157","Palm","Palm","NPac_Central","North Pacific","CNP","Other",19.25,202.8,6,"Pcra.mito.12","mito"
"348","z0108158","Palm","Palm","NPac_Central","North Pacific","CNP","Other",19.25,202.8,33,"Pcra.mito.44","mito"
"349","z0114341","Gabon","Gabon","S_Atlantic","South Atlantic","Atl-South","Other",-3.474941,10.616806,45,"Pcra.mito.64","mito"
"350","z0114342","Gabon","Gabon","S_Atlantic","South Atlantic","Atl-South","Other",-3.474941,10.616806,45,"Pcra.mito.65","mito"
"351","z0114550","NewCal","NewCal","S_Pacific","South Pacific","Spac","Other",-22.5824,167.0207,44,"Pcra.mito.45","mito"
"352","z0114824","Falklands","Falklands","S_Atlantic","South Atlantic","Atl-South","Other",-51.833333,-58.233333,41,"Pcra.mito.69","mito"
"353","z0114825","Falklands","Falklands","S_Atlantic","South Atlantic","Atl-South","Other",-51.833333,-58.233333,41,"Pcra.mito.69","mito"
"354","z0114834","Falklands","Falklands","S_Atlantic","South Atlantic","Atl-South","Other",-51.833333,-58.233333,17,"Pcra.mito.08","mito"
"355","z0114839","Falklands","Falklands","S_Atlantic","South Atlantic","Atl-South","Other",-51.833333,-58.233333,17,"Pcra.mito.08","mito"
"356","z0114842","Falklands","Falklands","S_Atlantic","South Atlantic","Atl-South","Other",-51.833333,-58.233333,41,"Pcra.mito.69","mito"
"357","z0114886","GulfMex","GulfMex-normal","N_Atlantic","North Atlantic","Atl-North","Atl-North",26.581,-88.777,50,"Pcra.mito.46","mito"
"358","z0114887","GulfMex","GulfMex-weird","N_Atlantic","North Atlantic","Atl-North","Atl-North",24.8698,-82.919,24,"Pcra.mito.14","mito"
"359","z0114888","FrenchGuiana","FrenchGuiana-weird","N_Atlantic","North Atlantic","Atl-North","Atl-North",7.8833,-48.45,24,"Pcra.mito.14","mito"
"360","z0114889","GulfMex","GulfMex-weird","N_Atlantic","North Atlantic","Atl-North","Atl-North",24.493,-83.48,43,"Pcra.mito.15","mito"
"361","z0114890","GulfMex","GulfMex-weird","N_Atlantic","North Atlantic","Atl-North","Atl-North",24.493,-83.48,43,"Pcra.mito.15","mito"
"362","z0114891","Florida","Florida-normal","N_Atlantic","North Atlantic","Atl-North","Atl-North",28.396,-79.3715,50,"Pcra.mito.59","mito"
"363","z0114945","NWHIPelagic","CNP-NW","NPac_Central","North Pacific","CNP","Other",25.680385,188.441682,9,"Pcra.mito.13","mito"
"364","z0114957","NWHIPelagic","CNP-NW","NPac_Central","North Pacific","CNP","Other",24.789966,189.805884,9,"Pcra.mito.47","mito"
"365","z0116577","Marianas","CNMI","NPac_Western","North Pacific","Wpac","Other",14.153373,145.124149,34,"Pcra.mito.16","mito"
"366","z0116580","Marianas","CNMI","NPac_Western","North Pacific","Wpac","Other",14.321529,145.187695,7,"Pcra.mito.48","mito"
"367","z0116582","Marianas","CNMI","NPac_Western","North Pacific","Wpac","Other",14.334971,145.199882,34,"Pcra.mito.16","mito"
"368","z0116585","Marianas","CNMI","NPac_Western","North Pacific","Wpac","Other",14.125077,145.056004,34,"Pcra.mito.49","mito"
"369","z0116588","Marianas","CNMI","NPac_Western","North Pacific","Wpac","Other",14.162205,145.001333,9,"Pcra.mito.03","mito"
"370","z0116591","Marianas","CNMI","NPac_Western","North Pacific","Wpac","Other",14.202115,144.978705,9,"Pcra.mito.03","mito"
"371","z0116971","Oman","Oman","Indian_Ocean","Indian Ocean","Indian_Ocean","Other",17.32057,55.29614,45,"Pcra.mito.17","mito"
"372","z0116972","Oman","Oman","Indian_Ocean","Indian Ocean","Indian_Ocean","Other",17.32057,55.29614,45,"Pcra.mito.50","mito"
"373","z0116974","Oman","Oman","Indian_Ocean","Indian Ocean","Indian_Ocean","Other",17.13333,55.16666,53,"Pcra.mito.51","mito"
"374","z0116975","Oman","Oman","Indian_Ocean","Indian Ocean","Indian_Ocean","Other",16.94,54.79,45,"Pcra.mito.17","mito"
"375","z0117293","HIPel","CNP-SE","NPac_Central","North Pacific","CNP","Other",19.3753,203.91132,26,"Pcra.mito.07","mito"
"376","z0117296","HIPel","CNP-SE","NPac_Central","North Pacific","CNP","Other",19.29404,203.93507,26,"Pcra.mito.07","mito"
"377","z0117297","HIPel","CNP-SE","NPac_Central","North Pacific","CNP","Other",19.22822,203.94331,26,"Pcra.mito.07","mito"
"378","z0123190","HIPel","CNP-NW","NPac_Central","North Pacific","CNP","Other",26.8,181.133334,32,"Pcra.mito.61","mito"
"379","z0123192","HIPel","CNP-NW","NPac_Central","North Pacific","CNP","Other",26.8,181.133334,32,"Pcra.mito.18","mito"
"380","z0125877","AmSamoa","AmSamoa","S_Pacific","South Pacific","Spac","Other",-9.466666,199.95,26,"Pcra.mito.52","mito"
"381","z0125878","AmSamoa","AmSamoa","S_Pacific","South Pacific","Spac","Other",-9.05,199.866667,32,"Pcra.mito.18","mito"
"382","z0146452","CACurrent","CACurrent","NPac_Eastern","North Pacific","Epac","Other",32.866666,242.735,35,"Pcra.mito.53","mito"
"383","z0146453","CACurrent","CACurrent","NPac_Eastern","North Pacific","Epac","Other",32.866666,242.735,36,"Pcra.mito.54","mito"
"384","z0146455","CACurrent","CACurrent","NPac_Eastern","North Pacific","Epac","Other",32.866666,242.735,27,"Pcra.mito.32","mito"
"385","z0175342","Caribbean","StVincent","N_Atlantic","North Atlantic","Atl-North","Atl-North",NA,NA,52,"Pcra.mito.55","mito"
"386","z0185086","HIPel","CNP-SE","NPac_Central","North Pacific","CNP","Other",20.66667,222.5,55,"Pcra.mito.56","mito"
"387","z0185087","HIPel","CNP-NW","NPac_Central","North Pacific","CNP","Other",23.94333,205.445,30,"Pcra.mito.57","mito"
"388","z0186413","PMNM","CNP-NW","NPac_Central","North Pacific","CNP","Other",25.25733,187.17085,37,"Pcra.mito.68","mito"
"389","z0186423","HIPel","CNP-NW","NPac_Central","North Pacific","CNP","Other",22.23112,199.62362,39,"Pcra.mito.70","mito"
"390","z0186425","HIPel","CNP-NW","NPac_Central","North Pacific","CNP","Other",22.22907,199.62432,38,"Pcra.mito.58","mito"
"391","z0196616","Florida","Florida-weird","N_Atlantic","North Atlantic","Atl-North","Atl-North",25.575,-81.2291,23,"Pcra.mito.19","mito"
"392","z0196617","Florida","Florida-weird","N_Atlantic","North Atlantic","Atl-North","Atl-North",25.575,-81.2291,23,"Pcra.mito.19","mito"
"393","z0196620","Florida","Florida-weird","N_Atlantic","North Atlantic","Atl-North","Atl-North",25.575,-81.2291,23,"Pcra.mito.19","mito"
"394","z0196621","Florida","Florida-weird","N_Atlantic","North Atlantic","Atl-North","Atl-North",25.575,-81.2291,23,"Pcra.mito.19","mito"
"395","z0018945","MHI","MHI","HI_res","North Pacific","MHI","Other",20.733333,203.133334,2,"Pcra.mito.02","mito"
"396","z0018954","MHI","MHI","HI_res","North Pacific","MHI","Other",20.7,203.483334,1,"Pcra.mito.04","mito"
"397","z0018955","MHI","MHI","HI_res","North Pacific","MHI","Other",20.7,203.483334,1,"Pcra.mito.04","mito"
"398","z0023319","MHI","MHI","HI_res","North Pacific","MHI","Other",20.75,203.483334,1,"Pcra.mito.01","mito"
"399","z0023320","MHI","MHI","HI_res","North Pacific","MHI","Other",20.75,203.483334,2,"Pcra.mito.02","mito"
"400","z0027453","MHI","MHI","HI_res","North Pacific","MHI","Other",21.333333,201.85,1,"Pcra.mito.01","mito"
"401","z0030072","MHI","MHI","HI_res","North Pacific","MHI","Other",19.55,204.033334,1,"Pcra.mito.01","mito"
"402","z0033885","MHI","MHI","HI_res","North Pacific","MHI","Other",21.316666,201.816667,1,"Pcra.mito.01","mito"
"403","z0033892","MHI","MHI","HI_res","North Pacific","MHI","Other",21.216666,201.933334,1,"Pcra.mito.01","mito"
"404","z0033898","MHI","MHI","HI_res","North Pacific","MHI","Other",21.183333,202.016667,1,"Pcra.mito.01","mito"
"405","z0033899","MHI","MHI","HI_res","North Pacific","MHI","Other",21.183333,202.033334,1,"Pcra.mito.01","mito"
"406","z0033902","MHI","MHI","HI_res","North Pacific","MHI","Other",21.316666,201.8,1,"Pcra.mito.01","mito"
"407","z0033903","MHI","MHI","HI_res","North Pacific","MHI","Other",21.3,201.816667,1,"Pcra.mito.01","mito"
"408","z0033905","MHI","MHI","HI_res","North Pacific","MHI","Other",21.216666,201.916667,1,"Pcra.mito.01","mito"
"409","z0033906","MHI","MHI","HI_res","North Pacific","MHI","Other",21.216666,201.933334,1,"Pcra.mito.01","mito"
"410","z0033908","MHI","MHI","HI_res","North Pacific","MHI","Other",21.183333,202,1,"Pcra.mito.01","mito"
"411","z0045925","MHI","MHI","HI_res","North Pacific","MHI","Other",20.033333,203.916667,2,"Pcra.mito.02","mito"
"412","z0045928","MHI","MHI","HI_res","North Pacific","MHI","Other",19.883333,203.833334,1,"Pcra.mito.01","mito"
"413","z0049048","MHI","MHI","HI_res","North Pacific","MHI","Other",19.15,203.983334,1,"Pcra.mito.01","mito"
"414","z0049052","MHI","MHI","HI_res","North Pacific","MHI","Other",19.15,203.983334,5,"Pcra.mito.30","mito"
"415","z0075660","MHI","MHI","HI_res","North Pacific","MHI","Other",19.533333,204.016667,1,"Pcra.mito.01","mito"
"416","z0075676","MHI","MHI","HI_res","North Pacific","MHI","Other",19.75,203.9,1,"Pcra.mito.35","mito"
"417","z0091081","MHI","MHI","HI_res","North Pacific","MHI","Other",19.583333,203.9,1,"Pcra.mito.04","mito"
"418","z0091086","MHI","MHI","HI_res","North Pacific","MHI","Other",19.716666,203.933334,1,"Pcra.mito.04","mito"
"419","z0091274","MHI","MHI","HI_res","North Pacific","MHI","Other",19.733333,203.533334,1,"Pcra.mito.01","mito"
"420","z0091276","MHI","MHI","HI_res","North Pacific","MHI","Other",19.683333,203.583334,1,"Pcra.mito.01","mito"
"421","z0091284","MHI","MHI","HI_res","North Pacific","MHI","Other",19.466666,204.05,1,"Pcra.mito.04","mito"
"422","z0092254","MHI","MHI","HI_res","North Pacific","MHI","Other",21.35,201.716667,1,"Pcra.mito.36","mito"
"423","z0098734","MHI","MHI","HI_res","North Pacific","MHI","Other",19.583333,203.966667,1,"Pcra.mito.01","mito"
"424","z0098735","MHI","MHI","HI_res","North Pacific","MHI","Other",19.633333,203.95,1,"Pcra.mito.01","mito"
"425","z0098737","MHI","MHI","HI_res","North Pacific","MHI","Other",19.666666,203.95,2,"Pcra.mito.02","mito"
"426","z0098738","MHI","MHI","HI_res","North Pacific","MHI","Other",19.716666,203.933334,2,"Pcra.mito.02","mito"
"427","z0098743","MHI","MHI","HI_res","North Pacific","MHI","Other",19.566666,203.966667,1,"Pcra.mito.01","mito"
"428","z0098744","MHI","MHI","HI_res","North Pacific","MHI","Other",19.6,203.966667,1,"Pcra.mito.01","mito"
"429","z0098745","MHI","MHI","HI_res","North Pacific","MHI","Other",19.6,203.966667,2,"Pcra.mito.39","mito"
"430","z0102219","NWHI","NWHI","HI_res","North Pacific","NWHI","Other",24.466666,191.4,1,"Pcra.mito.01","mito"
"431","z0102225","NWHI","NWHI","HI_res","North Pacific","NWHI","Other",23.183333,197.933334,1,"Pcra.mito.01","mito"
"432","z0102229","NWHI","NWHI","HI_res","North Pacific","NWHI","Other",23.183333,197.933334,31,"Pcra.mito.42","mito"
"433","z0102433","NWHI","NWHI","HI_res","North Pacific","NWHI","Other",22.916666,197.6,1,"Pcra.mito.01","mito"
"434","z0102434","NWHI","NWHI","HI_res","North Pacific","NWHI","Other",22.916666,197.6,1,"Pcra.mito.01","mito"
"435","z0102435","NWHI","NWHI","HI_res","North Pacific","NWHI","Other",22.916666,197.6,1,"Pcra.mito.01","mito"
"436","z0102437","NWHI","NWHI","HI_res","North Pacific","NWHI","Other",22.916666,197.6,1,"Pcra.mito.01","mito"
"437","z0102485","MHI","MHI","HI_res","North Pacific","MHI","Other",21.316666,201.633334,1,"Pcra.mito.01","mito"
"438","z0108128","Kauai","NWHI","HI_res","North Pacific","NWHI","Other",22.183333,200.016667,1,"Pcra.mito.01","mito"
"439","z0108130","Kauai","NWHI","HI_res","North Pacific","NWHI","Other",22.25,200.083334,1,"Pcra.mito.01","mito"
"440","z0108131","Kauai","NWHI","HI_res","North Pacific","NWHI","Other",22.25,200.1,1,"Pcra.mito.01","mito"
"441","z0108135","Kauai","NWHI","HI_res","North Pacific","NWHI","Other",22.25,200.233334,1,"Pcra.mito.01","mito"
"442","z0108139","Kauai","NWHI","HI_res","North Pacific","NWHI","Other",22.15,200.216667,1,"Pcra.mito.43","mito"
"443","z0116592","Kauai","NWHI","HI_res","North Pacific","NWHI","Other",22.08429,200.12839,1,"Pcra.mito.01","mito"
"444","z0132631","MHI","MHI","HI_res","North Pacific","MHI","Other",19.733333,203.916667,1,"Pcra.mito.01","mito"
"445","z0132635","MHI","MHI","HI_res","North Pacific","MHI","Other",19.666666,203.95,1,"Pcra.mito.01","mito"
"446","z0132636","MHI","MHI","HI_res","North Pacific","MHI","Other",19.6,203.966667,2,"Pcra.mito.02","mito"
"447","z0132638","MHI","MHI","HI_res","North Pacific","MHI","Other",19.566666,203.983334,2,"Pcra.mito.02","mito"
"448","z0132640","MHI","MHI","HI_res","North Pacific","MHI","Other",19.483333,204.033334,1,"Pcra.mito.01","mito"
"449","z0132641","MHI","MHI","HI_res","North Pacific","MHI","Other",19.483333,204.016667,1,"Pcra.mito.01","mito"
"450","z0132660","MHI","MHI","HI_res","North Pacific","MHI","Other",19.483333,204.016667,2,"Pcra.mito.02","mito"
